Name,Password,Volume,Stock,Company
man,man,15.780337965207815,63.369998931884766,PUMA SE
me,me,37.009621874846026,27.020000457763672,"Pinterest, Inc."
name,name,1.8664376149150967,535.780029296875,Adobe Inc.
